,Data,Weighters,Normalizers,Featurizers,Selectors,Scalers,Classifiers,grid_roc_auc_mean,grid_roc_auc_std,grid_roc_auc_best_params,eval_roc_auc_mean,eval_roc_auc_std,eval_roc_auc_scores
0,UCLAsource,binar,origN,origF,var_threshold,minmax,SVC_orig,0.57074468085106378,0.18086811559162136,"{'kernel': 'linear', 'C': 0.001, 'max_iter': 100, 'degree': 2}",0.56833333333333325,0.19808668136281482,"[ 0.33333333  0.72        0.48        1.          0.3         0.55        0.45
  0.55        0.55        0.75      ]"
1,UCLAsource,binar,origN,low250,var_threshold,minmax,SVC_250,0.53971631205673765,0.17446822925670111,"{'kernel': 'poly', 'C': 0.1, 'max_iter': 50, 'degree': 4}",0.45233333333333337,0.11255665240224588,"[ 0.53333333  0.52        0.52        0.45        0.55        0.2         0.55
  0.5         0.3         0.4       ]"
2,UCLAsource,binar,origN,low260,var_threshold,minmax,SVC_260,0.6388297872340426,0.20937524281588318,"{'kernel': 'linear', 'C': 0.3, 'max_iter': 100, 'degree': 2}",0.62333333333333329,0.20531276953305497,"[ 0.73333333  0.36        0.64        0.8         0.8         0.25        0.75
  0.8         0.35        0.75      ]"
3,UCLAsource,binar,origN,low263,var_threshold,minmax,SVC_263,0.5941489361702128,0.26016120033249146,"{'kernel': 'poly', 'C': 0.1, 'max_iter': 50, 'degree': 3}",0.52533333333333332,0.20737084333788747,"[ 0.43333333  0.68        0.64        0.85        0.3         0.2         0.65
  0.7         0.55        0.25      ]"
