,Data,Weighters,Normalizers,Featurizers,Selectors,Scalers,Classifiers,grid_roc_auc_mean,grid_roc_auc_std,grid_roc_auc_best_params,eval_roc_auc_mean,eval_roc_auc_std,eval_roc_auc_scores
0,UCLAsource,binar,origN,origF,var_threshold,minmax,SVC_orig,0.57074468085106378,0.18086811559162136,"{'kernel': 'linear', 'C': 0.001, 'max_iter': 100, 'degree': 2}",0.55833333333333335,0.19522209574396712,"[ 0.13333333  0.56        0.64        0.7         0.75        0.8         0.45
  0.5         0.7         0.35      ]"
1,UCLAsource,binar,origN,low250,var_threshold,minmax,SVC_250,0.53971631205673765,0.17446822925670111,"{'kernel': 'poly', 'C': 0.1, 'max_iter': 50, 'degree': 4}",0.47366666666666662,0.17903724007405089,"[ 0.36666667  0.36        0.76        0.75        0.4         0.25        0.55
  0.35        0.3         0.65      ]"
2,UCLAsource,binar,origN,low260,var_threshold,minmax,SVC_260,0.6388297872340426,0.20937524281588318,"{'kernel': 'linear', 'C': 0.3, 'max_iter': 100, 'degree': 2}",0.59833333333333327,0.15320465615204606,"[ 0.83333333  0.52        0.68        0.85        0.6         0.4         0.35
  0.55        0.6         0.6       ]"
3,UCLAsource,binar,origN,low263,var_threshold,minmax,SVC_263,0.5941489361702128,0.26016120033249146,"{'kernel': 'poly', 'C': 0.1, 'max_iter': 50, 'degree': 3}",0.54633333333333334,0.21063633747923619,"[ 0.43333333  0.24        0.84        0.65        0.6         0.45        0.5
  0.3         0.5         0.95      ]"
