,Data,Weighters,Normalizers,Featurizers,Selectors,Scalers,Classifiers,grid_roc_auc_mean,grid_roc_auc_std,grid_roc_auc_best_params,eval_roc_auc_mean,eval_roc_auc_std,eval_roc_auc_scores
0,UCLAsource,origW,spectral,origF,var_threshold,minmax,LR_orig,0.56666666666666676,0.15891178396438169,"{'penalty': 'l1', 'C': 0.4, 'max_iter': 50}",0.60933333333333339,0.16819829567111158,"[ 0.73333333  0.72        0.64        0.85        0.75        0.3         0.35
  0.5         0.6         0.65      ]"
1,UCLAsource,origW,spectral,low230,var_threshold,minmax,LR_orig,0.63989361702127667,0.17834639186474305,"{'penalty': 'l1', 'C': 0.4, 'max_iter': 50}",0.6256666666666667,0.14399884258794118,"[ 0.66666667  0.68        0.76        0.65        0.85        0.6         0.4
  0.4         0.5         0.75      ]"
2,UCLAsource,origW,spectral,low240,var_threshold,minmax,LR_orig,0.68191489361702118,0.1546875821649964,"{'penalty': 'l1', 'C': 0.4, 'max_iter': 50}",0.63366666666666671,0.14893287078412204,"[ 0.66666667  0.76        0.76        0.65        0.85        0.6         0.4
  0.4         0.5         0.75      ]"
3,UCLAsource,binar,origN,origF,var_threshold,minmax,LR_binar,0.58794326241134753,0.22147693921919984,"{'penalty': 'l2', 'C': 0.6, 'max_iter': 50}",0.59733333333333338,0.15894653189044422,"[ 0.63333333  0.6         0.64        0.85        0.85        0.55        0.3
  0.6         0.45        0.5       ]"
4,UCLAsource,binar,origN,low250,var_threshold,minmax,LR_binar,0.50496453900709226,0.119108930298265,"{'penalty': 'l2', 'C': 0.6, 'max_iter': 50}",0.47666666666666668,0.12497999839974397,"[ 0.26666667  0.44        0.56        0.6         0.3         0.55        0.65
  0.5         0.55        0.35      ]"
5,UCLAsource,binar,origN,low260,var_threshold,minmax,LR_binar,0.65957446808510634,0.15117915885308258,"{'penalty': 'l2', 'C': 0.6, 'max_iter': 50}",0.62066666666666659,0.19995999599919981,"[ 0.26666667  0.68        0.56        0.7         0.75        0.95        0.75
  0.75        0.45        0.35      ]"
