,Data,Weighters,Normalizers,Featurizers,Selectors,Scalers,Classifiers,grid_roc_auc_mean,grid_roc_auc_std,grid_roc_auc_best_params,eval_roc_auc_mean,eval_roc_auc_std,eval_roc_auc_scores
0,UCLAsource,origW,spectral,origF,var_threshold,minmax,LR_orig,0.54007092198581563,0.17634855524493248,"{'penalty': 'l1', 'C': 0.4, 'max_iter': 50}",0.60933333333333339,0.16819829567111158,"[ 0.73333333  0.72        0.64        0.85        0.75        0.3         0.35
  0.5         0.6         0.65      ]"
1,UCLAsource,origW,spectral,low230,var_threshold,minmax,LR_orig,0.67358156028368787,0.1190439052860128,"{'penalty': 'l1', 'C': 0.4, 'max_iter': 50}",0.61566666666666658,0.15214795430764094,"[ 0.66666667  0.68        0.76        0.6         0.85        0.6         0.35
  0.4         0.5         0.75      ]"
2,UCLAsource,origW,spectral,low240,var_threshold,minmax,LR_orig,0.71719858156028371,0.16615972775619148,"{'penalty': 'l1', 'C': 0.4, 'max_iter': 50}",0.63366666666666671,0.14893287078412204,"[ 0.66666667  0.76        0.76        0.65        0.85        0.6         0.4
  0.4         0.5         0.75      ]"
3,UCLAsource,binar,origN,origF,var_threshold,minmax,LR_binar,0.55053191489361697,0.16798155307333279,"{'penalty': 'l2', 'C': 0.6, 'max_iter': 50}",0.59733333333333338,0.15894653189044422,"[ 0.63333333  0.6         0.64        0.85        0.85        0.55        0.3
  0.6         0.45        0.5       ]"
4,UCLAsource,binar,origN,low250,var_threshold,minmax,LR_binar,0.55248226950354606,0.18670271699138499,"{'penalty': 'l2', 'C': 0.6, 'max_iter': 50}",0.47666666666666668,0.12497999839974397,"[ 0.26666667  0.44        0.56        0.6         0.3         0.55        0.65
  0.5         0.55        0.35      ]"
5,UCLAsource,binar,origN,low260,var_threshold,minmax,LR_binar,0.67304964539007095,0.1672455617156576,"{'penalty': 'l2', 'C': 0.6, 'max_iter': 50}",0.62066666666666659,0.19995999599919981,"[ 0.26666667  0.68        0.56        0.7         0.75        0.95        0.75
  0.75        0.45        0.35      ]"
