,Data,Weighters,Normalizers,Featurizers,Selectors,Scalers,Classifiers,grid_roc_auc_mean,grid_roc_auc_std,grid_roc_auc_best_params,eval_roc_auc_mean,eval_roc_auc_std,eval_roc_auc_scores
0,UCLAsource,origW,spectral,origF,var_threshold,minmax,LR_orig,0.58687943262411357,0.21325009929388231,"{'penalty': 'l1', 'C': 0.4, 'max_iter': 50}",0.60933333333333339,0.16819829567111158,"[ 0.73333333  0.72        0.64        0.85        0.75        0.3         0.35
  0.5         0.6         0.65      ]"
1,UCLAsource,origW,spectral,low230,var_threshold,minmax,LR_orig,0.57216312056737584,0.22077111123778206,"{'penalty': 'l1', 'C': 0.4, 'max_iter': 50}",0.6206666666666667,0.15237235094771406,"[ 0.66666667  0.68        0.76        0.65        0.85        0.6         0.35
  0.4         0.5         0.75      ]"
2,UCLAsource,origW,spectral,low240,var_threshold,minmax,LR_orig,0.65195035460992901,0.15804764040310787,"{'penalty': 'l1', 'C': 0.4, 'max_iter': 50}",0.63366666666666671,0.14893287078412204,"[ 0.66666667  0.76        0.76        0.65        0.85        0.6         0.4
  0.4         0.5         0.75      ]"
3,UCLAsource,binar,origN,origF,var_threshold,minmax,LR_binar,0.55886524822695038,0.10922849279675137,"{'penalty': 'l2', 'C': 0.6, 'max_iter': 50}",0.59733333333333338,0.15894653189044422,"[ 0.63333333  0.6         0.64        0.85        0.85        0.55        0.3
  0.6         0.45        0.5       ]"
4,UCLAsource,binar,origN,low250,var_threshold,minmax,LR_binar,0.51843971631205676,0.17069715356000892,"{'penalty': 'l2', 'C': 0.6, 'max_iter': 50}",0.47666666666666668,0.12497999839974397,"[ 0.26666667  0.44        0.56        0.6         0.3         0.55        0.65
  0.5         0.55        0.35      ]"
5,UCLAsource,binar,origN,low260,var_threshold,minmax,LR_binar,0.65904255319148941,0.19991524347133868,"{'penalty': 'l2', 'C': 0.6, 'max_iter': 50}",0.62066666666666659,0.19995999599919981,"[ 0.26666667  0.68        0.56        0.7         0.75        0.95        0.75
  0.75        0.45        0.35      ]"
