,Data,Weighters,Normalizers,Featurizers,Selectors,Scalers,Classifiers,grid_roc_auc_mean,grid_roc_auc_std,grid_roc_auc_best_params,eval_roc_auc_mean,eval_roc_auc_std,eval_roc_auc_scores
0,UCLAsource,binar,origN,origF,var_threshold,minmax,LR,0.55780141843971631,0.11123904912393616,"{'penalty': 'l1', 'C': 0.5, 'max_iter': 50}",0.51000000000000001,0.125777581468241,[ 0.5   0.64  0.36  0.5   0.55  0.45  0.75  0.45  0.3   0.6 ]
1,UCLAsource,binar,origN,low0,var_threshold,minmax,LR,0.64663120567375887,0.14123274779542666,"{'penalty': 'l1', 'C': 0.2, 'max_iter': 50}",0.56700000000000006,0.17401436722293939,[ 0.4   0.96  0.56  0.35  0.65  0.6   0.5   0.75  0.45  0.45]
2,UCLAsource,binar,origN,low5,var_threshold,minmax,LR,0.64663120567375887,0.14123274779542666,"{'penalty': 'l1', 'C': 0.2, 'max_iter': 50}",0.56700000000000006,0.17401436722293939,[ 0.4   0.96  0.56  0.35  0.65  0.6   0.5   0.75  0.45  0.45]
3,UCLAsource,binar,origN,low10,var_threshold,minmax,LR,0.64663120567375887,0.14123274779542666,"{'penalty': 'l1', 'C': 0.2, 'max_iter': 50}",0.56700000000000006,0.17401436722293939,[ 0.4   0.96  0.56  0.35  0.65  0.6   0.5   0.75  0.45  0.45]
